id;event_type;event_key;description;event_date;tenant_id
1;yum;3333a700-1263-445e-a413-b253156b87b6;pinstripe hydrolyze;2025-11-26T18:14:57;1
2;repeatedly;b6c62f6d-1a6f-48d7-a84f-e35c13531075;sew casement airmail;2025-11-26T16:50:17;2
3;lest nor;f8f263b1-e3ab-4779-99e2-32416cb9a91d;for sediment out;2025-11-26T23:41:46;3
4;rosin;3b6a6e87-1bb6-49e6-8be2-176a20ec1530;down analyse fixed;2025-11-26T16:41:45;4
5;gah yahoo;3ba14d40-ed7e-4dd7-a95f-8ac0aaeb36b0;oh;2025-11-27T08:11:34;5
6;essential zowie once;3ab4f239-0f3e-45bd-be9a-98d25dd84679;medium ew;2025-11-27T02:31:50;6
7;oh phew as;6941d279-1b62-412b-b006-52ad462147c5;unique yowza tut;2025-11-26T22:57:58;7
8;behind grimy sour;6e6aed76-533b-40c7-bd00-f0252341cf1a;while woot;2025-11-26T16:46:54;8
9;rosemary after;02add860-75a3-4317-9792-ba9e7fb43bca;worriedly excess um;2025-11-26T21:12:01;9
10;order;5ff7f571-6f71-4e5f-99b8-2b9d953648c5;juvenile;2025-11-27T12:27:11;10
