id;name;filter_json;format;file_path;tenant_id;generated_by_user_id
1;worthless loudly;along;owlishly s;upliftingly times;1;1
2;geez repentant cow;abacus cassava;whoever fi;what sparse;2;2
3;forenenst within;given round;bah terraf;absent react;3;3
4;rewarding lightly;egg than eek;bind;gazebo gee;4;4
5;tusk yippee bobble;psst ligate certainly;since inci;demob huzzah;5;5
6;oof;bouncy conceal;healthily ;sans;6;6
7;which low quiet;steel rubric;inexperien;muddy pace;7;7
8;dreamily petty;collaboration private;jogging so;yet;8;8
9;rusty why hamburger;aha including ghost;entice;major glorious papa;9;9
10;creature rust;outside claw;um off;huge archive scrap;10;10
