id;event_timestamp;action;row_id;changes;correlation_id
1;2025-11-22T02:13:28;spite geez after;06f5ea3f-8add-4819-a4c2-ceff0276026e;../fake-data/blob/hipster.txt;90e5587b-e77e-49fa-87ed-e0715a856ebf
2;2025-11-21T18:42:21;plonk eponym finally;ac9097b6-e769-422a-b871-1b37e3ee6d50;../fake-data/blob/hipster.txt;35dadf9d-e32b-457f-81f6-b4a3b7657bb1
3;2025-11-22T10:33:45;drat;a73595d9-1812-4993-8b48-5604ffc7d7d6;../fake-data/blob/hipster.txt;26f9b854-3ef1-4cb2-9c09-9d1089be0597
4;2025-11-22T07:58:24;schematise suspiciously anenst;61bf36ae-ec34-4eec-bfde-e674613c1822;../fake-data/blob/hipster.txt;b4a54e4d-b628-43a1-bece-d22e92ca084e
5;2025-11-21T19:11:27;poorly healthily;fe8fa7e1-69ec-455e-bdbe-85604a21ccfa;../fake-data/blob/hipster.txt;d842bd1d-1934-498b-ae66-53d92531233a
6;2025-11-22T00:13:32;gosh yowza pink;f5dff45f-c163-456d-be50-c39f01b47693;../fake-data/blob/hipster.txt;16d18223-46ec-4e0e-9237-b6de80591a6a
7;2025-11-22T08:07:23;blah once furthermore;679f6b5e-5640-40a6-9327-2c492ad4410b;../fake-data/blob/hipster.txt;49b7ea32-8943-4791-9a7c-996597645c4c
8;2025-11-22T05:40:12;corral blaring obsession;75e00f15-9e80-4d1c-9a92-f24e5165f9bd;../fake-data/blob/hipster.txt;0a38fa02-122f-46a2-bee8-a503a5bb8d56
9;2025-11-21T14:54:00;safely quizzically;092c4d65-d614-4b11-ba90-a0a9a6721b4f;../fake-data/blob/hipster.txt;811bb171-4f5d-46b1-a5fa-b29f976b1b0a
10;2025-11-22T10:02:16;lovingly within urgently;36c3fb5a-09f6-4aee-ad03-aeaa925d0588;../fake-data/blob/hipster.txt;82da9f06-ce82-4ace-8bde-44e394f70a36
