id;key_version;encrypted_data_key;pin_hash;pin_salt;is_active;tenant_id
1;22503;so rotten;unless;sarong alongside corporation;false;1
2;21249;likewise;and;equatorial;false;2
3;3737;insistent;positively;uh-huh judgementally;true;3
4;9708;putrid wicked;and atop CD;terribly;true;4
5;26627;triumphantly;wherever haircut exacerbate;furthermore presell oblong;false;5
6;22804;feminize;now judgementally pish;since aware;true;6
7;25547;finally speedily although;eek yuck;shakily wilt;true;7
8;6658;avalanche radiant entry;incidentally sesame premise;ugh;false;8
9;1839;harmful publication dark;oof thankfully;pip grass;false;9
10;1736;besides;why corrupt;angrily ack;false;10
